Temporada;Jornada;Recaptaci√≥;Pot;15;14;13;12;11;10
04-05;01;8854177,50;0;0;218;5481;57191;313955;1038412
04-05;02;5394962,00;0;0;0;19;447;5335;41297
04-05;03;11157351,50;0;0;3;239;4064;38354;231438
04-05;04;12219682,00;0;0;2;121;2414;26969;187957
04-05;05;13689124,50;80924;0;142;3660;40620;257409;1026369
04-05;06;14118746,00;0;0;10;226;3539;32291;183140
04-05;07;7768049,00;0;0;1;26;443;4697;34083
04-05;08;13344618,50;0;0;44;1364;17944;131588;599317
04-05;09;13664512,50;0;0;44;1471;19422;144527;666790
04-05;10;14077040,00;0;0;1;60;877;7861;50994
04-05;11;13487174,50;0;0;10;496;7892;68613;372357
04-05;12;14171489,00;0;0;97;2560;33606;235894;1007022
04-05;13;14049560,50;0;0;22;504;6093;43355;211945
04-05;14;13587132,50;0;0;23;857;12871;113655;604861
04-05;15;13825260,50;0;0;100;2787;32664;212632;879188
04-05;16;13560286,50;0;0;40;1378;17400;123409;564022
04-05;17;13821760,50;0;0;1;151;2665;26028;167196
04-05;18;8563348,00;0;0;20;861;12397;97982;467592
04-05;19;13540885,50;0;0;9;220;3949;40509;261852
04-05;20;13713267,00;0;0;1;70;1146;12849;91361
04-05;21;13735486,00;0;0;1079;18760;140587;634948;1751062
04-05;22;13735789,00;0;0;90;1922;23007;154893;670340
04-05;23;14309789,50;0;0;146;3950;45298;276944;1043590
04-05;24;14178353,50;0;0;378;10250;112226;629457;2066356
04-05;25;14100335,50;0;0;2;17;377;3744;26019
04-05;26;13703184,50;0;0;0;73;924;8655;51452
04-05;27;13772467,50;0;0;25;783;13184;111219;551003
04-05;28;13440768,50;0;0;1;218;4199;45030;289774
04-05;29;15044652,00;0;0;5;308;4975;44257;259218
04-05;30;6449149,00;0;0;1;84;1385;13537;88842
04-05;31;13108235,00;0;0;806;16578;137672;650151;1910892
04-05;32;13416332,50;0;0;3;58;760;6796;43430
04-05;33;13210177,00;0;0;1;27;661;8069;63662
04-05;34;12911663,00;0;0;2;137;2131;21363;136796
04-05;35;12846862,50;0;0;254;7148;79203;470981;1668434
04-05;36;13090854,00;0;0;280;6307;65483;363940;1250303
04-05;37;12590903,00;1888635;0;0;77;1208;13448;91971
04-05;38;11448583,00;0;0;0;16;509;6220;47976
04-05;39;12597592,50;0;0;6;250;3659;34216;203363
04-05;40;6634059,50;0;0;240;6606;62413;297317;865023
04-05;41;5725609,00;0;0;2;33;621;6666;44936
05-06;01;9218596,50;0;5;8;441;7463;69869;380246
05-06;02;5575550,00;0;5;32;2053;24628;142055;503298
05-06;03;11988972,50;0;0;1;66;1624;20780;153180
05-06;04;12316870,50;0;0;0;19;242;1961;13969
05-06;05;13252977,50;0;0;1;52;1088;11190;76135
05-06;06;15276535,50;0;1;3;74;962;9516;62261
05-06;07;7623490,50;0;24;41;1168;12693;81604;339381
05-06;08;12812309,50;0;1;1;37;590;5729;39396
05-06;09;12787323,50;0;193;2009;36430;246043;770115;1000000
05-06;10;12891267,50;0;1;6;316;5481;46798;245663
05-06;11;13493526,50;0;3;5;182;2757;25362;153524
05-06;12;6670036,50;0;1;3;116;1708;14233;78356
05-06;13;13384769,50;0;0;2;93;1398;14218;91659
05-06;14;13226723,00;0;13;49;1406;17004;120071;551952
05-06;15;13163092,00;0;31;76;1842;20913;135130;572768
05-06;16;12204662,50;0;1;4;116;2155;21094;139565
05-06;17;12858218,00;0;5;39;1129;13756;95786;434314
05-06;18;7585203,50;0;0;1;64;1282;15544;117200
05-06;19;12177152,50;0;1;2;152;2376;21820;129568
05-06;20;12487259,50;0;2;2;103;1511;14550;93040
05-06;21;12818599,50;0;86;222;6979;72328;384547;1000000
05-06;22;12770560,00;0;2;3;157;2496;22160;134156
05-06;23;13215086,00;0;1;1;63;973;11316;80289
05-06;24;13078023,50;0;6;11;552;7646;62965;322076
05-06;25;13622752,00;0;58;182;4734;52648;317972;1173780
05-06;26;13571656,50;0;1;1;41;527;5338;37346
05-06;27;13288411,50;0;5;13;391;6226;49627;257431
05-06;28;13505473,50;0;0;4;132;2414;24642;173758
05-06;29;13804948,50;0;1;4;76;937;7583;52381
05-06;30;12644815,50;0;1;2;109;1620;15609;93624
05-06;31;12889187,00;0;1;2;78;1261;12128;80584
05-06;32;12562015,00;0;1;2;56;926;9174;60455
05-06;33;10325514,00;0;1;1;32;515;5562;37411
05-06;34;12046142,00;0;20;42;1185;14806;104878;489719
05-06;35;12059442,50;0;4;7;272;4408;41849;246710
05-06;36;11359696,00;0;1;2;135;2038;19923;123634
05-06;37;10367090,00;0;92;301;6464;62705;329519;1000000
05-06;38;5409111,00;0;42;46;1382;16439;100812;380335
05-06;39;5542515,00;0;1;3;85;1303;11330;68409
05-06;40;5572978,50;0;7;9;233;3138;26121;138750
05-06;41;4966658,00;0;1;2;39;581;5811;36078
05-06;42;4558253,50;0;2;2;77;1535;13953;82040
05-06;43;2523322,00;0;81;280;5426;43333;184844;1000000
06-07;01;7521385,00;0;0;2;74;1478;15475;99417
06-07;02;5141270,50;0;1;9;236;3096;22525;117458
06-07;03;9993477,00;0;16;51;5545;70441;390750;1262056
06-07;04;11919974,00;0;281;400;8434;83130;442240;1431711
06-07;05;12571091,50;0;0;0;21;346;3382;23341
06-07;06;14435773,00;0;17;74;2295;30723;219561;975495
06-07;07;7992485,00;0;0;1;73;1299;12752;84266
06-07;08;13214499,50;0;0;1;26;456;4929;33835
06-07;09;13900185,50;0;14;34;1141;12731;87742;409269
06-07;10;13279879,00;0;0;4;214;3399;31973;194954
06-07;11;13814669,50;0;9;27;1498;21238;136360;563459
06-07;12;13632009,50;0;2;5;229;3450;31558;185206
06-07;13;13622595,00;0;209;3368;53628;347026;1236703;2834513
06-07;14;14156645,50;0;1;1;34;680;6787;45911
06-07;15;13945676,50;0;0;3;45;716;6032;39622
06-07;16;13269872,50;0;2;3;169;2682;23309;136679
06-07;17;12737531,00;0;2;8;276;4011;35805;207197
06-07;18;7838190,50;0;2;10;714;11339;90064;418723
06-07;19;11016363,50;0;2;3;44;727;7037;45929
06-07;20;12643845,50;0;1;2;121;2182;22966;148632
06-07;21;13028703,50;0;38;82;1810;21181;136520;581447
06-07;22;13232705,00;0;4;23;598;7819;56100;307238
06-07;23;13766724,00;0;0;0;17;295;3172;23297
06-07;24;14652791,00;0;22;85;2502;26084;174208;770243
06-07;25;13344257,00;0;17;58;1737;20540;148333;669338
06-07;26;13783687,50;0;1;3;127;2230;23232;151072
06-07;27;13857170,00;0;2;7;196;3352;31567;192814
06-07;28;13312670,50;0;0;0;28;582;5856;39474
06-07;29;15154053,50;0;1;1;104;1945;20084;127991
06-07;30;8226592,50;0;33;267;5145;49294;246870;808292
06-07;31;13231501,00;0;4;7;191;2027;19145;130463
06-07;32;13000000,00;0;1;30;1056;12767;90829;421976
06-07;33;13505986,00;0;11;12;466;6419;54337;300561
06-07;34;12935404,50;0;105;148;3646;37845;224823;866396
06-07;35;12946143,00;0;12;19;732;9920;72305;340647
06-07;36;12838849,00;0;6;14;237;3431;30503;184052
06-07;37;12886254,00;0;3;7;319;4512;40172;231322
06-07;38;12562799,00;0;10;17;867;11039;75976;349736
06-07;39;12852001,00;0;10;12;286;3684;29666;159917
06-07;40;7042050,50;0;2;5;226;3790;33834;184469
06-07;41;12363629,50;0;0;0;17;356;3946;29076
06-07;42;14968705,50;0;0;42;957;9508;69206;348672
07-08;01;9424730,00;0;0;0;11;330;2721;16804
07-08;02;11066702,50;2073441;2;7;247;3514;28127;148455
07-08;03;6734645,00;0;0;1;51;663;5575;34877
07-08;04;12712807,00;673465;17;40;1166;14740;111601;526358
07-08;05;12938911,50;0;14;64;1844;24451;176680;778798
07-08;06;5747714,00;0;6;14;499;8485;74137;385189
07-08;07;12684560,00;0;16;69;2032;27059;187324;799884
07-08;08;14979184,50;0;13;25;896;15407;130650;672634
07-08;09;8063534,00;0;1;1;42;718;6805;40534
07-08;10;14229287,00;0;3;5;192;3019;26253;152131
07-08;11;14307187,00;0;22;46;1184;15262;112425;541559
07-08;12;8302299,00;0;11;26;1049;14502;110505;488270
07-08;13;11761099,00;0;3;6;109;1414;12261;72563
07-08;14;3813141,50;0;7;44;4197;45668;232525;681360
07-08;15;13541154,50;343183;5;13;407;5717;47530;265822
07-08;16;8326383,00;0;18;28;579;6563;48868;236788
07-08;17;14333351,00;0;1;2;75;1003;8020;48337
07-08;18;2981324,50;0;4;7;150;1940;14767;75477
07-08;19;12853025,50;0;0;1;69;927;7700;46210
07-08;20;13329110,00;0;0;0;146;2831;28610;185879
07-08;21;15807032,50;4217707;29;78;1602;16787;108865;481034
07-08;22;13613515,00;0;0;4;161;2615;25006;152310
07-08;23;5469218,00;0;14;24;1039;21077;145715;622568
07-08;24;12000347,00;1361352;5;7;173;2885;25801;152273
07-08;25;14242205,00;492230;5;12;263;3394;32235;200863
07-08;26;13912549,00;0;3;6;276;3685;29639;164226
07-08;27;14150828,00;0;0;2;51;793;8334;59289
07-08;28;15289116,00;1415083;1;4;55;967;9445;64798
07-08;29;14200575,50;0;8;33;1025;15104;120502;587348
07-08;30;14596189,50;0;3;60;1616;21432;153589;681526
07-08;31;14828326,50;0;6;6;260;2104;20483;132651
07-08;32;14689858,50;0;4;12;276;4019;34307;194031
07-08;33;14509541,00;0;26;134;3284;39298;252201;996974
07-08;34;14433892,50;0;6;23;604;9202;76199;402236
07-08;35;12782232,00;0;1;2;96;1372;13078;84844
07-08;36;14342740,00;0;0;1;51;903;9306;67217
07-08;37;15408579,00;0;0;1;42;687;7406;48750
07-08;38;16534798,00;0;0;3;95;1555;14137;90674
07-08;39;17452873,50;0;0;1;18;472;5218;39780
07-08;40;18090313,00;6373899;3;15;761;10193;82498;425010
07-08;41;13600919,50;0;111;213;5057;50790;290368;1064120
07-08;42;6707231,00;0;59;103;2252;27071;161812;567578
07-08;43;11442718,00;0;14;20;525;8123;68099;353930
07-08;44;12526048,50;0;5;11;230;3332;29780;178182
07-08;45;5819439,00;0;3;4;156;2464;17875;92214
07-08;46;6250798,50;0;3;4;146;2181;19490;108985
07-08;47;6144412,50;0;2;6;148;2085;16715;93090
07-08;48;6351363,50;0;2;28;737;8544;61067;281292
08-09;01;9519872,50;0;0;1;34;530;4891;32783
08-09;02;5861413,50;0;0;2;140;1912;15033;80147
08-09;03;3158851,50;0;0;0;40;697;7276;49513
08-09;04;10915256,00;951987;1;4;100;1380;12695;80771
08-09;05;12664149,50;1281089;174;482;11417;103378;509358;1581217
08-09;06;6110355,00;0;522;734;20759;121139;465659;1159678
08-09;07;10977174,00;0;16;21;681;10106;78047;370021
08-09;08;2755246,50;0;8;18;675;8750;59476;239501
08-09;09;12759661,50;1689705;3;6;170;2222;22045;138099
08-09;10;7599878,50;0;20;46;1049;11698;78787;345178
08-09;11;3301030,00;0;3;7;652;10835;90973;411462
08-09;12;11729485,00;0;14;40;1072;12397;85728;395447
08-09;13;2909168,50;0;14;33;1333;14786;91458;344591
08-09;14;12269773,50;0;0;3;138;2232;20623;130003
08-09;15;2531528,00;0;0;0;14;455;6682;52281
08-09;16;11794057,50;0;0;3;97;1457;15034;105408
08-09;17;3246606,00;0;0;1;4;69;550;4901
08-09;18;13786654,50;1736342;277;825;18030;151045;707464;2058101
08-09;19;2800706,00;0;26;46;878;17870;187812;482115
08-09;20;13509719,00;1736342;1;7;206;4347;44886;265527
08-09;21;14115740,50;1565470;2;5;130;2038;20777;134536
08-09;22;2708898,50;0;3;12;1102;13563;86784;317738
08-09;23;12767333,00;0;603;966;16815;131798;596128;1714220
08-09;24;13262631,50;1644924;2;3;105;1720;16864;106546
08-09;25;2104764,50;0;0;0;10;181;2129;18268
08-09;26;12538770,50;0;1145;1570;27643;216879;714890;1799297
08-09;27;2127635,00;0;0;2;78;1052;8137;39710
08-09;28;11787728,00;0;0;51;473;10754;101732;527905
08-09;29;12773351,00;1804301;3;8;268;3448;26966;148367
08-09;30;12341348,50;0;0;1;63;955;9551;63968
08-09;31;13089597,00;0;5;35;1199;17014;132180;635178
08-09;32;13821444,00;1234135;5;10;257;3324;28633;163927
08-09;33;13319740,50;0;1;4;176;3281;32467;206388
08-09;34;13483970,50;0;16;75;2292;24242;166503;734867
08-09;35;13916756,00;0;0;2;93;1599;15820;102835
08-09;36;14399766,00;1391676;0;0;77;1515;17299;128685
08-09;37;15830191,50;4559624;0;4;41;977;11759;86217
08-09;38;16349920,00;6142643;5;22;657;9334;77667;415741
08-09;39;14247208,50;0;5;10;306;4443;35851;201948
08-09;40;13823859,00;0;25;88;3874;47442;307509;1245233
08-09;41;8377668,00;0;5;40;1158;13304;91542;401719
08-09;42;3495142,50;0;634;1844;30398;225253;707492;1249938
08-09;43;12419123,00;314563;9;16;571;9049;81687;451380
08-09;44;12235972,50;0;24;58;1827;23615;171800;763815
08-09;45;13526564,50;0;321;694;15651;141734;706392;2128419
08-09;46;5066114,00;0;8;16;505;9341;82138;406320
08-09;47;11889833,00;1217391;55;116;2520;25017;150330;612665
08-09;48;12772558,50;0;0;0;17;288;3179;23664
08-09;49;13202928,50;2809963;56;122;4177;50561;319358;1183648
08-09;50;12170931,50;0;42;85;2229;24418;157845;675980
08-09;51;11307815,00;0;2;15;380;4757;38283;199078
08-09;52;10948112,00;0;37;43;1173;16831;131726;618144
08-09;53;5303563,50;0;113;156;3435;33395;181632;618078
08-09;54;5467387,00;477321;1302;4476;61605;346811;1081553;2011791
08-09;55;4301559,00;0;0;1;5;150;1661;11547
09-10;01;8943853,00;0;7;18;504;7595;62530;328345
09-10;02;5207890,00;0;0;7;170;2635;22139;118678
09-10;03;2902641,50;0;40;167;3918;36469;185482;564173
09-10;04;10130958,00;1443010;12;26;948;13543;102628;470703
09-10;05;2547677,00;0;55;160;5713;57035;282877;720947
09-10;06;10941314,00;261238;1;5;160;2708;24556;152579
09-10;07;4266968,50;0;2;5;171;2767;25363;135290
09-10;08;11095470,00;229291;12;37;1076;14670;115936;561375
09-10;09;2941372,50;0;7;34;2817;43634;254466;735165
09-10;10;11456260,50;0;26;125;2871;28905;176237;698656
09-10;11;6689945,00;0;6;9;157;2593;22512;124114
09-10;12;2638374,50;0;23;138;2830;32696;206155;719182
09-10;13;11542770,00;264724;0;0;39;613;6106;37626
09-10;14;2603526,50;0;0;0;1;56;960;10053
09-10;15;12428201,50;3041587;11;33;1302;17504;133910;624136
09-10;16;2268162,00;0;2;16;1044;12903;73586;250907
09-10;17;11996493,00;572776;2;24;1043;16475;140769;690566
09-10;18;2881647,50;0;0;1;20;441;4572;31162
09-10;19;12237285,50;204135;12;25;723;10760;89104;461354
09-10;20;2714302,00;0;4;7;139;1838;17373;104292
09-10;21;5715790,00;0;0;3;53;803;9060;65309
09-10;22;12700005,00;859744;19;165;4250;47454;293140;1117587
09-10;23;2803746,00;0;2;4;113;2161;20943;118311
09-10;24;11887680,50;0;1;1;126;2047;21798;142923
09-10;25;2038787,00;0;15;108;2627;25214;121115;333125
09-10;26;11545057,00;0;13;28;639;10923;101722;567149
09-10;27;1826170,00;0;0;3;63;1460;15174;86356
09-10;28;11913200,00;183491;10;42;1402;15879;113258;514939
09-10;29;1819680,00;0;0;0;14;121;1348;9566
09-10;30;10730023,00;182617;3;7;436;8011;71258;378191
09-10;31;11772578,50;400330;0;1;40;902;10130;73487
09-10;32;13307599,50;1577587;19;79;2770;46476;341313;1367003
09-10;33;13032627,00;1197684;2;13;301;4837;43436;248850
09-10;34;13045533,00;0;12;50;1345;18231;141183;682972
09-10;35;13077627,50;0;1;1;10;191;1879;14189
09-10;36;13177848,00;0;40;130;3792;40965;243090;968690
09-10;37;13435420,50;0;13;61;1964;24587;165236;715043
09-10;38;1613060,50;0;0;2;36;473;3688;19753
09-10;39;12361417,00;0;11;34;739;10773;89962;472008
09-10;40;1659304,50;0;0;0;33;643;5826;33309
09-10;41;12957937,50;161306;1;6;172;2281;20561;125301
09-10;42;14237868,00;365047;5;9;379;8225;84123;470662
09-10;43;13444892,00;0;3;10;395;6471;58002;330817
09-10;44;13130070,50;0;19;48;1358;18662;142202;677118
09-10;45;4433709,00;0;6;13;274;5339;44784;228965
09-10;46;11792493,00;0;1;2;35;618;5881;40389
09-10;47;11377672,50;0;707;992;20523;165497;707502;1929817
09-10;48;13100675,00;1023991;65;207;5156;55970;335185;1242027
09-10;49;4014083,00;0;1;1;64;1136;9009;52830
09-10;50;11281651,00;0;1;1;59;803;7901;52138
09-10;51;12565440,50;1179061;3;13;594;8872;75985;414361
09-10;52;11247687,00;0;3;4;274;4260;36205;201043
09-10;53;4702871,50;0;119;266;5319;45629;221658;684177
09-10;54;11910068,00;0;18;32;973;11919;86633;413564
09-10;55;13349859,50;423258;117;175;4527;50118;306389;1174743
09-10;56;4971817,50;0;1;3;258;4589;39391;195878
09-10;57;5399525,00;0;3437;5529;68000;352582;989356;1740129
09-10;58;4773026,00;485957;1;11;531;8369;62284;288992
09-10;59;4808009,00;0;35;431;7255;59610;290114;877103
09-10;60;4453749,50;432721;70;168;5942;57972;281249;809130
09-10;61;2040934,50;0;0;0;14;373;4078;29361
10-11;01;7804827,50;0;10;23;771;10259;76057;354330
10-11;02;3662965,50;0;0;0;33;502;5008;31754
10-11;03;1623603,00;0;43;283;8485;66481;249047;536282
10-11;04;9652636,50;1801820;1;8;858;17037;150435;721550
10-11;05;1935526,00;0;8;10;330;5978;51365;233887
10-11;06;9870123,50;0;182;326;6993;64469;338659;1107593
10-11;07;3740562,00;0;0;1;63;1094;10713;67013
10-11;08;9836276,00;1062508;0;0;11;295;3298;27725
10-11;09;2219549,00;0;21;87;2759;31983;177995;503265
10-11;10;11020067,50;3600545;2;4;203;3524;33568;203374
10-11;11;4898571,00;0;0;0;22;340;3470;21760
10-11;12;1865636,50;0;98;338;8745;68927;258135;550624
10-11;13;10873549,00;1277445;22;29;870;14285;113596;531266
10-11;14;2162111,00;0;37;61;9823;72675;283941;680168
10-11;15;10857653,50;167907;28;64;3721;49688;318845;1176787
10-11;16;2039294,00;0;0;0;9;150;1315;11696
10-11;17;11160118,00;1171779;4;14;505;7100;61572;341959
10-11;18;2092506,50;0;0;0;25;473;4727;28125
10-11;19;11101013,00;448644;231;558;13687;123375;588121;1694882
10-11;20;2031452,00;0;29;85;1452;17216;123671;491800
10-11;21;11282437,00;1459443;2059;3682;47984;324879;1242543;2886437
10-11;22;11616949,50;1198250;4;23;778;11855;93863;462270
10-11;23;2225300,00;0;136;312;7489;76236;306038;683103
10-11;24;11092720,50;0;1;2;72;1338;14712;104999
10-11;25;1618949,00;0;0;0;65;1170;10248;52286
10-11;26;10201506,50;200277;36;56;1519;19592;144630;649826
10-11;27;1736655,00;0;4;7;197;2829;23266;113200
10-11;28;10926809,50;356169;1;1;64;1090;10497;71367
10-11;29;1705973,50;0;2;4;75;1011;8095;44489
10-11;30;10150010,50;0;71;167;3699;37758;216118;802015
10-11;31;1874756,50;0;0;1;18;243;2258;14605
10-11;32;8323058,00;187476;10;172;4108;43150;257407;978914
10-11;33;2073930,00;0;0;0;3;144;2011;17830
10-11;34;9254737,00;749075;47;157;2190;25570;168351;695397
10-11;35;11205814,50;456265;23;42;1771;30323;218882;1040316
10-11;36;11071703,50;1008523;2751;5873;82202;478300;1552664;3225467
10-11;37;11890778,50;996453;0;0;11;221;2563;20870
10-11;38;12221516,50;3612425;3;10;232;5518;70210;466725
10-11;39;11486317,50;0;0;2;62;1156;12931;92460
10-11;40;1531083,50;0;0;0;5;39;382;2726
10-11;41;10929381,50;1148632;7;11;288;4199;36047;207341
10-11;42;1739779,50;0;10;11;246;2858;19948;92486
10-11;43;10642898,00;336838;6;29;1035;14038;108505;519610
10-11;44;4580715,00;0;2;7;141;1673;14837;84684
10-11;45;10018410,00;0;13;24;491;5749;46964;261287
10-11;46;11071945,50;0;1;3;133;2139;19652;119396
10-11;47;10383654,00;0;11;47;1137;14391;108119;515935
10-11;48;5137072,50;0;11;78;4825;50287;247005;729745
10-11;49;9962413,50;462337;0;0;18;404;6203;55058
10-11;50;10570548,00;2654068;13;24;584;8701;69264;349966
10-11;51;9912279,50;0;305;1457;26652;197449;798191;1984639
10-11;52;8288864,00;892105;816;988;16843;125828;540296;1440939
10-11;53;9632379,00;745998;22;29;727;11479;98668;500028
10-11;54;8819487,00;0;2;4;104;1709;16010;104070
10-11;55;4440500,00;0;38;67;1301;14053;88575;352891
10-11;56;7410534,50;0;16;21;504;6882;50715;246919
10-11;57;8561384,50;0;5;57;1566;16277;102446;423974
10-11;58;3539147,50;0;4;6;277;3682;27402;132053
10-11;59;3728853,50;0;26;49;1732;20530;124903;452326
11-12;01;5000000,00;0;0;0;0;0;0;0
11-12;02;4960840,00;0;1;17;468;5165;38889;194852
11-12;03;3171969,00;0;0;0;10;78;856;6611
11-12;04;1571334,50;0;2095;5649;42573;175410;420523;631999
11-12;05;7715023,00;1033430;0;0;66;1617;18217;118600
11-12;06;1753521,00;0;0;0;2;100;1004;7679
11-12;07;8986915,00;2872155;0;0;37;803;10849;81463
11-12;08;3474499,50;0;0;1;117;2350;22603;135282
11-12;09;9403958,50;5235051;8;33;879;9670;65229;291194
11-12;10;2145940,50;0;11;32;1650;21069;135676;428833
11-12;11;9690891,50;347450;30;110;2783;31548;201305;795464
11-12;12;4073745,00;0;0;0;6;61;657;4620
11-12;13;1540798,00;0;0;4;85;1497;13512;73403
11-12;14;9571881,00;1089359;3;11;371;5308;43588;228967
11-12;15;2195328,50;0;66;272;4549;37906;167316;453977
11-12;16;9217084,50;154080;1;1;103;2129;22562;145292
11-12;17;4537845,00;0;2;6;171;2351;22382;136987
11-12;18;9081573,50;197580;70;194;13496;154660;758911;2037749
11-12;19;1692079,50;0;9;15;404;4993;37166;163770
11-12;20;9542833,50;817342;3;5;117;1842;16141;91761
11-12;21;4075864,00;0;0;0;13;154;1321;7761
11-12;22;9765786,00;1048977;4;6;224;3091;25353;138284
11-12;23;1934384,50;0;0;2;68;1225;11855;66623
11-12;24;8987844,00;0;0;0;19;430;6061;59102
11-12;25;10096947,50;2170764;25;68;1556;19313;128917;568418
11-12;26;1592052,50;0;2;4;104;1371;9654;45533
11-12;27;9024627,50;0;0;0;12;136;1524;12060
11-12;28;9474828,00;1985418;5;10;312;4232;34864;192748
11-12;29;1910944,00;0;3;3;168;2722;23396;119654
11-12;30;8771045,50;0;15;45;1164;14457;104756;474479
11-12;31;9162020,50;0;2;8;353;5758;55685;341343
11-12;32;8995201,00;0;15;48;1145;12598;84147;372610
11-12;33;9292997,50;0;1;1;117;2366;27625;190213
11-12;34;9528575,50;0;9;40;1374;18321;132632;588486
11-12;35;10146524,50;0;0;1;136;2675;26028;179769
11-12;36;1346430,50;0;0;1;117;1580;12712;61633
11-12;37;9383466,00;1014652;38;129;3141;34990;216566;845592
11-12;38;1454732,50;0;0;0;28;546;6006;40475
11-12;39;9557983,50;134643;2;11;411;5849;51314;301010
11-12;40;10315428,50;320041;24;62;2170;28281;196582;825128
11-12;41;10491030,50;0;13;47;1282;16746;127194;605424
11-12;42;9831548,00;0;4;4;102;1598;15901;104587
11-12;43;3533009,50;0;0;1;38;992;11918;81331
11-12;44;8951154,50;0;0;1;26;872;9497;68082
11-12;45;10124511,50;1248416;6;14;408;5767;50306;294205
11-12;46;8895765,00;0;13;24;545;7590;60154;316984
11-12;47;3544727,50;0;206;724;10332;71424;300763;786948
11-12;48;9026814,50;0;6;31;979;13642;108868;523880
11-12;49;9638541,00;319025;18;165;3512;33590;188794;684485
11-12;50;8769688,00;0;6;9;415;5957;50868;274804
11-12;51;2632003,00;0;0;8;278;4294;37055;183124
11-12;52;8108571,00;0;44;46;1380;15987;101801;428487
11-12;53;9423167,00;263200;18;22;910;12108;93920;452964
11-12;54;3857048,50;0;1;8;436;6004;47141;219221
11-12;55;3690343,50;0;1;1;165;2983;27249;153385
11-12;56;3968975,00;0;0;0;57;1505;17049;113706
12-13;01;5333633,00;0;0;1;53;720;6285;39508
12-13;02;5992813,50;0;0;0;3;76;925;7090
12-13;03;6705651,50;0;19;101;3922;45264;235373;790031
12-13;04;3345431,00;0;4;8;142;2234;19428;101503
12-13;05;8730335,50;2191593;232;3929;51099;294795;956281;2100556
12-13;06;1858372,00;0;7;21;613;7569;51466;208542
12-13;07;7865666,50;533363;999;4572;44953;227091;729179;1620345
12-13;08;8530169,50;875163;330;1077;21978;187810;755080;1843777
12-13;09;2241094,00;0;0;2;133;2213;21879;123425
12-13;10;8416687,00;2156954;0;0;81;1458;14305;90839
12-13;11;3712764,50;0;0;2;87;1408;12566;73020
12-13;12;9816396,00;4232735;16;29;624;6790;47370;235614
12-13;13;2206657,50;0;0;7;108;1573;14018;83165
12-13;14;8197427,00;0;33;104;2780;32044;209898;818189
12-13;15;8859593,50;1329711;0;0;11;302;3666;27938
12-13;16;2083938,00;0;1;1;64;1105;11002;65109
12-13;17;8257438,50;0;7;12;322;5418;50880;290182
12-13;18;9663915,00;3278821;35;119;4684;54725;327122;1145324
12-13;19;1813548,00;0;4;14;783;10714;67278;236506
12-13;20;8110159,00;869752;3;5;117;2281;22545;135332
12-13;21;1580166,00;0;0;0;425;6679;48733;206022
12-13;22;8027952,50;0;0;0;29;575;6656;47506
12-13;23;1832898,00;0;0;0;10;208;2177;15147
12-13;24;7690065,00;653071;26;43;3113;41723;257247;913022
12-13;25;9081153,50;2861493;0;0;8;193;2588;22110
12-13;26;7740583,00;4859347;1;10;191;2909;24687;145121
12-13;27;7555721,00;0;58;240;4940;46855;252357;872485
12-13;28;8233978,50;680015;12;17;626;8064;62871;309527
12-13;29;7964447,50;0;3;6;146;2165;21108;125156
12-13;30;7920503,00;0;23;196;7329;77051;382331;1141977
12-13;31;8481401,00;712845;1;1;92;1513;17507;113272
12-13;32;7737307,00;0;2;2;48;816;7564;46983
12-13;33;1491251,50;0;0;0;13;242;2530;16551
12-13;34;7094749,00;0;128;276;6584;60980;308565;984004
12-13;35;1532359,50;0;0;0;7;125;1583;12529
12-13;36;7025370,50;0;0;4;121;1770;15634;93070
12-13;37;8030534,00;1303722;0;2;30;455;4581;30971
12-13;38;8501005,50;2809312;3;8;229;3420;31894;193510
12-13;39;7666267,00;0;13;26;684;10658;86714;434005
12-13;40;3590881,00;0;0;0;20;215;2603;17706
12-13;41;6728457,50;0;0;0;6;169;1833;12986
12-13;42;8181555,00;2270254;37;69;2760;31255;197828;796938
12-13;43;7843211,00;736340;4;11;264;3596;27782;149865
12-13;44;7269870,50;0;18;67;1631;18468;123374;507051
12-13;45;7435599,50;0;1;2;41;563;5752;38535
12-13;46;6899057,50;0;60;244;5797;60491;343370;1048417
12-13;47;7433546,00;620915;0;2;55;1275;15974;111678
12-13;48;6979249,00;1364270;7;9;209;3131;25554;137507
12-13;49;6559514,00;0;0;2;69;857;8258;56286
12-13;50;7162491,50;655951;1;9;260;3541;29752;162969
12-13;51;3727500,50;0;75;112;2312;21969;120870;429567
13-14;01;4857762,00;0;22;43;1131;12899;84879;359786
13-14;02;5387057,00;0;0;3;176;4096;37135;202965
13-14;03;5945918,50;0;6;8;127;2155;18456;99946
13-14;04;3120552,00;0;0;0;3;57;536;3479
13-14;05;7125143,50;874181;59;124;2883;31518;190643;702526
13-14;06;1879980,50;0;8;13;987;17802;135315;428451
13-14;07;6519768,00;0;3;7;332;5311;44152;235699
13-14;08;2772968,00;0;700;980;27513;176836;533542;982248
13-14;09;6898037,50;1327784;0;3;171;2833;25362;149390
13-14;10;2090683,50;0;49;103;2446;24085;129759;403911
13-14;11;7493909,00;2436353;26;93;2590;31306;197509;732682
13-14;12;3173073,50;0;0;0;16;270;2821;16884
13-14;13;7137857,50;0;0;0;12;198;2216;16761
13-14;14;1862124,50;0;6;41;1276;14648;90284;309075
13-14;15;7206125,00;3131018;8;10;186;2622;22392;126834
13-14;16;3005688,00;0;1;2;96;2173;20785;118171
13-14;17;5678232,50;0;5;12;128;1631;11835;65417
13-14;18;2221910,00;0;3;10;419;6194;50297;228680
13-14;19;6511960,00;0;0;2;107;1657;14984;89876
13-14;20;3379628,00;0;1;1;24;465;4307;26285
13-14;21;6902778,00;0;517;868;15142;117768;514359;1394688
13-14;22;1870602,50;0;1;8;361;7232;62010;278369
13-14;23;6562766,50;0;0;0;37;883;9090;58955
13-14;24;3435150,50;0;0;0;14;202;2066;15560
13-14;25;1875747,00;0;23;56;1324;15584;98447;342189
13-14;26;6090727,50;0;5;7;256;4191;34299;175856
13-14;27;1527557,50;0;7;16;623;8177;63394;266902
13-14;28;6165899,00;0;1;5;267;3640;27951;151945
13-14;29;6544290,00;0;19;48;1678;17897;116536;493571
13-14;30;6743473,50;0;0;1;16;316;3048;21840
13-14;31;6951256,00;0;1;1;21;438;5252;39549
13-14;32;6900542,00;0;1;3;78;1473;13716;87831
13-14;33;9696745,50;4176722;2;2;70;1927;19319;120590
13-14;34;7414125,00;0;0;1;24;457;4870;36802
13-14;35;7502212,00;0;5;19;525;7461;68461;384178
13-14;36;1547078,50;0;0;0;2;47;631;5181
13-14;37;6761010,50;0;5;84;2546;28443;165980;599520
13-14;38;1476855,00;0;0;0;4;111;1385;11075
13-14;39;6556205,00;0;0;2;25;449;4206;25968
13-14;40;7189557,50;0;1;1;35;938;10531;74416
13-14;41;6960137,50;0;18;33;502;6143;48436;249070
13-14;42;8810137,50;2218505;70;271;5414;48307;247842;823433
13-14;43;2581364,50;0;1;8;338;4279;33963;167609
13-14;44;6477805,00;0;0;0;28;365;3630;25732
13-14;45;6984683,50;0;29;147;5208;62799;332795;1013204
13-14;46;7027870,00;0;18;45;2355;35550;240707;890197
13-14;47;5228599,50;0;35;97;3361;37098;207340;697396
13-14;48;6230834,00;0;13;19;354;4370;32623;160783
13-14;49;6093702,50;0;1;1;2;46;599;4812
13-14;50;6276115,50;0;0;0;14;326;3325;24011
13-14;51;7783597,50;4134780;3;9;199;2796;22989;129585
13-14;52;2906769,00;0;0;0;22;492;4518;29197
13-14;53;2988829,00;0;0;3;149;2217;17498;84850
13-14;54;3137060,00;0;53;98;2562;27163;145201;467767
14-15;04;5854852,00;3438898,41;0;3;51;601;6488;44563
14-15;06;5513333,50;0,00;1;6;184;4268;50549;287932
14-15;08;5440425,50;0,00;0;4;235;2882;22317;116862
14-15;10;5701857,00;0,00;0;40;1187;13299;85996;348134
14-15;12;6114654,00;0,00;0;380;8118;78138;397909;1180000
14-15;14;6154575,50;1709599,49;108;899;14441;99069;401350;1070608
14-15;15;5755222,00;0,00;0;4;81;1225;12710;89236
14-15;17;5844849,00;0,00;0;0;24;387;3923;26227
14-15;19;6573992,00;2563398,62;3;11;456;6698;53109;267411
14-15;21;5797526,00;0,00;0;35;676;8198;65266;347932
14-15;23;5380784,50;0,00;12;51;5221;82071;405629;1077148
14-15;25;5320811,00;0,00;0;0;49;1030;10385;66016
14-15;27;4972741,50;0,00;6;9;354;5786;53910;251753
14-15;28;5588875,00;0,00;0;0;3;70;746;5799
14-15;29;5612827,00;0,00;0;3;224;3263;26136;135149
14-15;30;7611744,50;4627758,64;10;33;934;13957;107733;511790
14-15;31;6380822,00;0,00;362;525;9802;80913;378094;1105550
14-15;32;6284366,50;0,00;5;22;669;9056;65642;302417
14-15;34;7762676,50;3793036,27;0;7;160;2333;21974;128549
14-15;36;7234451,00;4452863,77;0;175;3988;42021;250122;903489
14-15;38;7297255,00;5718892,70;2;28;564;7169;57096;287975
14-15;39;6816525,00;404678,74;1;9;347;4702;39903;210401
14-15;40;6589654,00;0,00;2;56;1299;15426;104368;453900
14-15;47;6084162,00;0,00;39;88;2706;29974;179316;646370
14-15;49;5460236,00;547574,58;0;2;46;784;8373;59839
14-15;50;6537223,00;1011694,64;4;19;497;6938;53711;270627
14-15;51;5451496,50;0,00;1;46;1275;15905;109352;453431
14-15;53;5319814,50;0,00;0;38;864;10677;74461;324249
15-16;01;4730701,50;0,00;0;0;55;832;7414;42006
15-16;02;5037252,75;0,00;0;0;13;238;2262;13877
15-16;05;6281674,50;2571261,08;3;9;137;1712;13980;78463
15-16;07;5560995,00;420448,61;0;0;21;327;3225;20509
15-16;09;5810540,25;1849670,91;0;0;8;137;1761;12658
15-16;11;6121188,00;3215147,87;0;0;10;150;1276;9076
15-16;14;7116751,50;4653627,05;0;32;633;6222;41968;190319
15-16;16;6821818,50;5187383,41;6;33;802;8265;51389;208909
15-16;18;5938397,25;572689,92;1;13;492;7798;59083;256482
15-16;20;6057846,75;141975,77;0;4;140;1798;15947;90438
15-16;22;6322100,25;951726,07;0;1;5;110;985;6260
15-16;24;6076590,75;1425883,59;93;186;3485;31990;164201;517863
15-16;26;5477540,25;0,00;0;3;33;449;5180;27586
15-16;28;5723933,25;527030,41;0;1;42;973;9294;56001
15-16;30;5535600,75;956325,00;0;4;222;5195;45232;214443
15-16;32;4094815,50;0,00;0;0;2;23;184;1152
15-16;33;6090486,75;1700828,81;27;36;1149;14706;94348;352115
15-16;35;5761362,75;0,00;0;1;29;366;3884;24616
15-16;36;6054444,00;432102,21;2;11;329;3676;25621;121811
15-16;37;5951967,00;0,00;0;5;164;2137;16853;86874
15-16;38;6308892,75;446397,53;38;467;12101;97403;410634;989887
15-16;40;5531940,00;567800,35;0;0;4;126;1156;8337
15-16;42;5944288,50;1867806,25;0;2;39;693;7681;50808
15-16;44;6029949,75;2313627,89;0;0;38;686;7861;51553
15-16;45;7431559,50;3730666,08;12;17;414;4431;32457;159096
15-16;46;5880600,00;0,00;0;1;7;97;1047;7682
15-16;48;5681884,50;0,00;0;2;10;234;2301;16638
15-16;49;5532187,50;0,00;15;27;1050;13022;92545;377211
15-16;50;5476816,50;0,00;0;0;12;119;1314;8504
15-16;52;4699156,50;0,00;1;1;49;806;7584;46737
15-16;53;5410166,25;0,00;1;13;301;3623;27370;133920
15-16;54;8140572,75;3776653,13;1;1;17;514;6042;43921
15-16;56;4400428,50;0,00;13;35;1430;17866;106409;358441
16-17;01;3890083,50;753455,36;0;0;5;60;758;6334
16-17;02;4502476,50;1667624,98;0;0;50;815;7348;40869
16-17;04;5791476,75;2725706,96;0;3;164;1951;15067;79801
16-17;06;5682400,50;3160067,72;2;3;130;1658;14814;86828
16-17;07;2412054,00;0,00;1;3;84;1306;11934;63018
16-17;08;4547561,25;0,00;0;0;15;252;2422;16213
16-17;10;5297205,75;1068676,89;0;24;915;11528;72895;272022
16-17;13;6037494,75;1856510,04;2;14;373;4571;34344;164317
16-17;15;4745880,00;0,00;46;305;5100;37137;159741;451884
16-17;16;5461337,25;564476,78;0;3;52;640;5639;33787
16-17;18;5339151,75;974077,07;0;0;8;120;1473;11438
16-17;20;5848487,25;2434666,42;0;1;4;251;3050;23206
16-17;22;5939808,75;2873302,96;1;16;349;4694;37157;186342
16-17;24;4905359,25;342433,13;0;0;12;174;1698;13068
16-17;26;5146134,00;1495192,55;0;32;780;9061;59537;246140
16-17;27;5750834,25;1881152,60;79;206;4619;43570;214547;616463
16-17;31;4689072,75;1075930,45;0;1;89;1725;15417;83991
16-17;32;5613832,50;1427610,91;9;50;1362;15370;96178;363473
16-17;33;5098174,50;0,00;2;7;268;3826;30550;156395
16-17;34;5069970,75;0,00;0;2;66;1046;8918;46869
16-17;35;5456942,25;380247,81;3;66;2273;27224;166529;580173
16-17;36;5477058,00;491124,80;2;15;410;5421;41517;199406
16-17;38;4840457,25;0,00;42;144;3605;33949;181223;611552
16-17;40;4943072,25;515287,55;8;26;948;11639;71092;257979
16-17;42;4902069,00;246556,13;203;1234;18477;118217;402220;851781
16-17;43;5437463,25;441186,21;0;0;10;228;3715;32512
16-17;44;5761757,25;1718990,07;3;11;224;2617;20177;107761
16-17;46;5553969,75;596516,72;1;7;221;3175;28089;155459
16-17;48;4534030,50;0,00;0;0;22;448;5162;36372
16-17;49;4790362,50;1198260,33;15;216;3896;31078;142802;425896
16-17;50;4692776,25;0,00;0;1;60;1593;16015;89191
16-17;52;4626024,00;351958,22;0;26;491;5272;35543;158139
16-17;53;5182905,75;698910,02;6;470;9191;76422;319436;802799
16-17;54;4790542,50;615370,10;0;0;30;505;4029;22856
16-17;55;5416167,75;1741147,59;0;8;152;1872;13640;69185
17-18;01;3291933,75;77255,83;0;0;1;29;339;2130
17-18;02;3715772,25;850860,26;0;1;51;578;5602;35262
17-18;04;4565453,25;1287706,48;0;0;37;1160;13835;88927
17-18;06;4600999,50;2360587,99;149;373;6140;43332;179331;502026
17-18;08;4069220,25;414089,96;1;4;89;1004;7001;35284
17-18;10;4297568,25;137079,79;3;13;263;3417;25947;134655
17-18;13;4301882,25;502935,77;0;0;5;127;1504;11159
17-18;15;4624596,75;1513878,10;2;7;175;2223;16834;89830
17-18;17;4087215,75;123484,89;0;0;25;462;4853;31635
17-18;19;4652651,25;1083980,59;1;24;448;4854;32352;147241
17-18;21;4487667,75;873295,30;0;1;26;419;4880;38113
17-18;23;4356334,50;1209870,38;0;0;12;181;1892;12645
17-18;25;4769103,00;2233608,99;0;0;21;466;4451;30313
17-18;27;4588591,50;3354348,20;2;43;1104;12374;74613;279796
17-18;28;4571611,50;888439,45;17;24;873;10355;65398;251074
17-18;32;3885153,75;1008111,83;0;0;11;184;1868;14105
17-18;33;4773013,50;1921122,96;0;230;5571;49852;229246;601032
17-18;34;5222361,75;2708670,19;0;2;38;572;5963;41045
17-18;35;5473392,75;3100347,32;0;12;463;5537;35932;149670
17-18;36;5650486,50;3510851,78;0;10;312;3822;27177;128398
17-18;37;6140796,00;3934638,27;0;54;1839;22337;139974;517372
17-18;39;5600903,25;4947869,61;1;17;852;11918;81095;334384
17-18;41;4152640,50;0,00;15;51;1594;18743;105883;308093
17-18;43;4199918,25;732295,13;0;0;17;486;5132;35566
17-18;45;4501649,25;139806,95;1;4;71;1338;12764;80949
17-18;47;4095158,25;488520,59;0;0;5;143;2197;17424
17-18;48;4550928,75;1450882,78;9;31;801;8585;54558;216541
17-18;49;4099162,50;0,00;0;1;93;1629;15148;87468
17-18;51;3341625,75;307437,19;0;0;2;20;224;1633
17-18;52;4274334,00;1092719,24;0;2;101;1422;12712;72329
17-18;53;4183865,25;1413294,29;0;1;6;113;1151;8782
17-18;54;4579587,75;1727084,18;0;1;63;1140;11480;72744
17-18;55;4488837,75;2070553,26;0;14;384;3792;25838;122998
18-19;01;3185209,50;687139,04;0;1;93;1405;12737;72703
18-19;02;3747463,50;926029,75;0;1;36;607;4969;27475
18-19;03;4231249,50;1207089,51;0;0;29;385;3796;23527
18-19;05;4811663,25;2407216,09;0;0;10;216;2180;16048
18-19;07;4750985,25;3537956,95;0;0;14;294;2799;18015
18-19;09;4936329,75;4654438,48;0;3;286;4718;35969;157957
18-19;11;5148432,75;5024663,21;0;8;175;2110;14473;69203
18-19;14;5995950,75;5410795,67;0;4;120;1455;11114;59512
18-19;16;5621107,50;5860491,98;5;48;1278;14287;91698;309615
18-19;18;3744387,75;0,00;0;0;2;93;1175;8818
18-19;20;3914616,00;879931,12;1;48;924;8918;50990;189304
18-19;22;3985083,75;0,00;0;0;7;184;2375;18721
18-19;24;3868785,75;936494,68;1;1;30;345;3332;21374
18-19;26;3466599,00;0,00;0;0;11;200;2455;18661
18-19;28;3892885,50;814650,77;0;47;1143;11593;66111;243942
18-19;29;4174941,75;1456976,88;1;25;594;6525;40502;164516
18-19;32;3897912,00;614288,65;0;0;3;55;401;2941
18-19;33;4193865,75;1530297,97;0;2;62;713;5797;33085
18-19;34;4599333,00;1844837,90;254;927;13159;77799;264950;591198
18-19;35;4259775,00;413939,97;0;14;282;3359;25364;125752
18-19;36;4346531,25;733423,10;0;0;17;334;3514;22948
18-19;37;4534971,75;1754857,94;0;0;13;251;2528;16606
18-19;39;5251162,50;2820576,30;0;0;46;1000;11879;74200
18-19;41;5527206,00;4054599,49;4;21;569;7202;51392;222223
18-19;42;4120540,50;0,00;0;0;4;86;1328;9535
18-19;44;3999831,00;968327,02;0;5;279;4330;33416;155467
18-19;46;4159515,00;1268314,35;1;1;55;790;7832;47086
18-19;48;4189740,75;154628,61;0;0;6;87;931;6317
18-19;50;3833633,25;1139217,69;0;0;17;272;2491;16595
18-19;51;4512165,00;2040121,50;0;3;77;1502;13818;78182
18-19;52;4102446,00;2378533,88;1;16;700;10030;70377;268124
18-19;54;3739049,25;369220,14;0;1;8;82;691;4599
18-19;55;3736820,25;649648,83;0;5;157;1748;12405;59562
18-19;56;3805482,75;929910,35;2;9;234;2930;21177;97099
19-20;01;3104821,50;1344209,58;0;0;13;226;2089;14164
19-20;02;3570731,25;2073842,63;0;1;46;521;4502;25758
19-20;03;4410378,75;2341647,47;0;6;161;1859;13551;69098
19-20;05;4474635,00;3154169,65;0;0;8;207;2451;17593
19-20;07;4718995,50;4205708,88;0;0;15;234;2327;15309
19-20;09;4396063,50;5314672,82;0;0;11;171;1931;13827
19-20;11;5368908,00;6347747,74;0;1;45;675;5486;32633
19-20;13;6169290,75;6750415,84;0;2;72;926;8720;50813
19-20;15;5216322,00;7213112,65;0;12;219;2770;20704;103422
19-20;17;5389279,50;7604336,80;0;0;10;280;3155;22319
19-20;19;6705048,00;8870817,48;4;18;536;6819;47869;213132
19-20;21;4160239,50;779923,92;0;0;4;163;1914;13998
19-20;23;4040124,75;1757580,20;2;24;781;9034;58370;226143
19-20;24;3907538,25;0,00;0;13;270;3540;27453;129437
19-20;27;4169648,25;1284146,23;0;0;2;86;773;6244
19-20;29;3913442,25;2523054,89;1;8;374;4960;33989;143689
19-20;31;4034055,00;238585,63;0;0;12;123;1072;6472
19-20;32;3934787,25;1186588,56;0;2;32;620;6667;42684
19-20;33;4203404,25;1481697,60;0;1;30;341;3267;16453
19-20;34;4304964,00;1796952,92;0;4;167;2406;17918;88628
19-20;35;4415524,50;2119825,22;0;0;12;189;1690;12247
19-20;37;4414641,75;3157473,48;0;0;74;952;8486;54323
19-20;39;4424678,25;4194914,29;0;4;81;899;7243;38970
19-20;40;4994394,75;4526765,16;0;0;3;33;399;3005
19-20;41;2696538,00;5700447,93;4;29;781;10621;41270;149957
19-20;42;2432289,75;146347,99;0;1;25;332;2586;14916
19-20;43;1593588,00;0,00;0;1;30;415;3771;23011
19-20;44;1994326,50;492201,08;0;0;8;163;1698;10417
19-20;45;1575696,00;0,00;0;0;24;356;3012;17986
19-20;46;2559186,00;960867,81;0;4;101;1194;10906;60521
19-20;47;1610388,00;489807,66;0;1;21;271;2729;16638
19-20;48;2640817,50;1152806,76;0;1;15;288;2764;17837
19-20;49;1622131,50;610586,76;4;30;504;4668;27043;99946
19-20;50;2838107,25;1350868,07;0;1;21;313;2621;15554
19-20;51;1937613,00;0,00;0;0;1;39;548;4474
19-20;52;2210665,50;1563726,11;0;1;20;267;2369;14297
20-21;01;2027263,50;433865,21;0;0;25;356;3103;18964
20-21;02;2801965,50;1051061,15;0;2;20;259;2447;15761
20-21;03;3450948,75;1261208,56;1;3;148;1326;9688;51443
20-21;05;2933729,25;320103,84;0;0;5;114;1361;9405
20-21;07;3451203,00;1174768,80;0;0;4;100;1010;7219
20-21;09;2760121,50;1985801,51;0;0;6;92;1066;8361
20-21;11;3531795,75;2915507,74;0;8;185;2705;22482;113307
20-21;13;4284345,75;3312939,94;0;20;592;8083;58848;246896
20-21;15;3084318,75;501073,34;0;2;68;1136;8980;47156
20-21;17;3726392,25;732397,25;1;2;51;1084;12559;79351
20-21;19;3491465,25;0,00;0;0;37;569;5240;31232
20-21;21;3504948,75;941954,78;0;3;118;1769;14217;72723
20-21;22;3973360,50;1379245,88;1;3;71;970;7954;44645
20-21;25;2669930,25;0,00;1;14;275;3660;30768;143371
20-21;26;3363713,25;571791,26;0;4;31;389;4463;30785
20-21;29;3149695,50;923585,23;0;0;40;609;4756;25968
20-21;30;3959165,25;1945164,24;0;0;67;1255;12982;78705
20-21;31;4514063,25;2875568,07;0;4;49;849;7469;46155
20-21;32;4210467,00;3214122,81;4;365;7932;61917;262143;665965
20-21;34;3547473,75;0,00;1;1;53;1626;19243;111479
20-21;36;3604960,50;633160,80;2;6;240;2915;21870;104033
20-21;37;4068215,25;182762,78;0;3;101;2183;21068;113259
20-21;38;4042440,75;487878,92;0;0;9;195;2035;14340
20-21;39;4167147,75;1437852,50;0;0;36;611;5397;31263
20-21;42;2983276,50;0,00;0;3;88;1269;10517;58842
20-21;43;3891830,25;598813,47;0;0;7;138;1296;9962
20-21;44;3486586,50;1513393,58;0;0;14;222;2236;14466
20-21;46;3553054,50;2332741,41;1;2;48;702;5842;33566
20-21;47;3380428,50;0,00;0;11;313;5127;40037;181711
20-21;48;3626585,25;407681,01;0;0;13;211;2130;13184
20-21;50;3575781,75;1259928,54;2;27;783;9687;63415;239079
20-21;52;2814708,00;662188,37;6;35;1130;10539;57483;200635
21-22;01;2417637,75;298200,72;1;16;384;4507;26651;103695
21-22;02;2629699,50;0,00;0;2;64;795;6528;34738
21-22;03;2895129,75;0,00;0;1;45;569;4406;24843
21-22;05;2643905,25;0,00;2;5;174;2357;18055;84225
21-22;07;2259804,75;0,00;0;0;1;41;702;4911
21-22;09;3214614,00;1197139,38;0;3;286;4694;34889;156537
21-22;11;2745948,75;1438235,43;0;0;15;305;2791;15363
21-22;13;3469126,50;2221050,06;12;108;2239;19769;95940;291615
21-22;15;2578894,50;460689,67;0;0;17;207;1926;12006
21-22;17;2761433,25;1170430,74;2;2;53;646;5868;33807
21-22;19;3013166,25;0,00;0;11;295;3300;21605;96165
21-22;21;3507337,50;909358,18;1;17;787;11010;69567;255965
21-22;23;3153903,75;315660,38;4;11;183;1961;12888;60613
21-22;24;3315908,25;0,00;0;0;5;129;2091;18924
21-22;26;3132840,75;878200,46;5;11;293;3680;23787;102066
21-22;27;3185330,25;0,00;0;0;9;110;1084;7931
21-22;29;2815248,00;915420,65;0;0;6;72;843;6865
21-22;31;3220254,00;1577003,93;3;278;3509;21563;85308;242667
21-22;34;2666824,50;680600,10;0;0;0;29;401;2773
21-22;36;3020222,25;1409985,99;0;5;140;1592;11269;52428
21-22;37;3704015,25;1636502,66;0;3;77;1015;8874;50179
21-22;39;3352023,00;1914303,80;4;50;1099;11181;62681;219347
21-22;41;2750703,75;524092,47;4;87;1893;17885;90790;289043
21-22;42;3505834,50;455321,55;0;6;216;2883;23719;119180
21-22;44;3314308,50;718259,14;1;1;56;1128;9073;50492
21-22;46;2951487,00;0,00;0;1;15;378;3510;25027
21-22;48;3649089,00;640678,43;3;7;327;3674;27475;131498
21-22;49;3304804,50;0,00;3;12;273;3996;31906;149521
21-22;50;2828420,25;0,00;0;0;24;323;3476;23344
21-22;53;3435697,50;1113931,32;1;74;1405;13179;70504;248402
21-22;54;3043860,00;309212,78;0;2;74;1056;7876;40754
21-22;56;1350206,25;0,00;3;8;242;3156;24377;113463
21-22;57;2629173,00;0,00;0;0;4;69;718;5931
22-23;01;2633274,00;360033,00;0;0;90;1591;14042;71640
22-23;02;2824447,50;978852,39;0;6;198;2739;22261;108598
22-23;03;3331783,50;1190685,95;0;0;47;739;6736;40751
22-23;04;3795538,50;1973655,07;0;2;94;1476;13690;79919
22-23;06;3791904,00;2258320,46;1;10;233;2836;19612;92706
22-23;08;3185686,50;0,00;1;5;112;1587;13087;73133
22-23;10;3555317,25;128419,37;0;0;7;129;1274;9751
22-23;12;3445381,50;963918,92;0;0;45;809;7107;38221
22-23;14;3493293,00;1773583,57;6;18;498;6254;41574;163074
22-23;16;3124670,25;0,00;0;2;146;1947;16925;86002
22-23;18;3311874,75;349025,29;0;0;2;47;610;5295
22-23;20;3471444,00;1127315,86;0;0;13;188;1771;11758
22-23;33;3164301,75;1051182,46;1;12;361;4970;33871;138926
22-23;34;2731515,75;0,00;0;1;39;560;5276;31216
22-23;35;4543359,00;3141154,63;13;783;14130;94581;331677;736014
22-23;36;3021156,00;613765,99;0;3;180;2591;19972;93166
22-23;37;3654992,25;840352,69;0;0;5;53;412;3126
22-23;38;3814617,75;1699275,87;0;13;1423;17735;98498;303341
22-23;40;3826878,75;2328687,80;4;56;1157;11264;66937;250122
22-23;42;3365730,75;548198,28;0;0;2;29;524;4320
22-23;43;3715821,00;1339145,01;0;0;7;174;2198;17207
22-23;45;3736110,00;2212362,95;0;1;42;803;8302;50880
22-23;47;3598807,50;2565509,47;0;0;49;727;5966;32321
22-23;49;3392448,75;144550,76;1;4;138;1937;14711;75585
22-23;50;2942199,00;0,00;0;0;18;259;2946;20420
22-23;51;3544773,75;691416,77;0;7;324;5077;39499;177113
22-23;52;2957973,75;957274,80;2;19;565;6338;37975;144220
22-23;54;2879064,75;0,00;1;16;442;5118;34181;131568
22-23;57;3040607,25;515519,24;0;0;16;247;2570;19110
22-23;58;3012967,50;1230061,94;0;1;62;1123;10584;55841
22-23;60;3172962,00;1456034,50;0;0;73;1531;13667;71961
23-24;01;2664055,50;568402,44;0;0;2;30;278;1824
23-24;02;2789930,25;1194455,48;0;10;317;3989;28391;124328
23-24;03;2752867,50;1403700,25;0;1;12;156;1734;12849
23-24;04;3603363,00;1610165,31;1;2;108;1578;13716;74249
23-24;07;3364192,50;183756,13;0;8;387;6311;51708;190202
23-24;09;2769535,50;436070,57;0;5;157;1915;14812;74637
23-24;11;3169569,75;643785,73;0;1;78;1333;10876;55145
23-24;13;3192126,75;881503,46;0;0;12;228;2465;17307
23-24;15;3964992,00;1818551,08;3;16;509;6228;42168;179220
23-24;17;3269358,75;526989,40;0;0;32;561;5142;29955
23-24;18;3793412,25;1295288,71;1;1;81;1236;12038;67857
23-24;20;3318120,00;108629,78;0;1;124;1902;15480;78843
23-24;22;3642062,25;523894,34;16;90;1554;14904;84434;299851
23-24;24;3388826,25;433401,10;0;1;40;683;5937;34662
23-24;25;3507327,75;687563,07;0;1;8;202;1178;8375
23-24;27;3291150,75;950612,65;0;0;9;223;2528;17203
23-24;28;2031905,25;0,00;0;0;10;143;1607;9935
23-24;33;2911326,75;258538,36;0;0;7;199;1906;13453
23-24;34;3358754,25;942700,15;2;5;155;2353;20983;109084
23-24;35;3336939,75;0,00;0;0;4;62;655;5536
23-24;36;3574024,50;784180,84;0;2;25;343;2690;16267
23-24;37;3586359,00;1052232,68;0;0;5;117;1064;7982
23-24;39;3539665,50;1895027,05;1;12;417;5327;37907;161430
23-24;42;3743558,25;929204,63;1;1;35;540;5010;31417
23-24;44;3153494,25;0,00;0;3;58;881;8558;54481